county_city,district,accident_risk_rate
新竹市,東區,0.5898312813497492
新竹市,北區,0.4523483812129503
新竹縣,竹北市,0.5487916096671227
新竹縣,竹東鎮,0.3166894664842681
