slot_4h,accident_risk_rate
00:00-03:59,0.0
04:00-07:59,0.0
08:00-11:59,0.6497948016415869
12:00-15:59,0.783515731874145
16:00-19:59,0.8406292749658003
20:00-23:59,0.5875512995896033
